{
  "map": [
    [1,1,1,1,1,1,1,1,1,1,1,1,1,1,1,1,1,1,1,1,1,1,1,1,1,1,1,1,1,1,1,1,1,1,1,1,1,1,1,1,1,1,1,1,1,1,1,1,1],
    [1,1,1,1,1,1,1,1,0,0,0,0,0,0,0,0,0,0,0,0,0,0,0,0,0,0,0,0,0,0,0,0,0,0,0,0,0,0,0,0,0,0,0,0,1,1,1,0,1],
    [1,1,1,1,1,1,1,1,0,1,1,1,1,1,1,1,1,1,1,1,1,1,1,1,1,1,1,1,1,1,1,1,1,1,1,1,1,1,1,1,1,1,1,0,1,1,0,0,1],
    [1,1,0,0,0,0,0,0,0,0,0,0,0,0,0,1,1,1,1,1,0,0,0,0,0,0,0,0,1,0,0,0,0,0,0,0,1,0,0,0,0,0,0,0,1,1,0,1,1],
    [1,1,0,0,0,0,0,0,0,0,0,0,0,0,0,1,1,1,0,0,0,1,1,1,1,0,1,0,1,0,1,1,1,1,1,0,1,0,1,1,1,1,1,1,1,0,0,0,1],
    [1,1,0,0,0,0,0,0,0,0,0,0,0,0,0,1,1,1,0,1,1,1,0,0,0,0,1,0,0,0,1,1,1,0,0,0,1,0,0,0,0,0,0,0,1,0,1,0,1],
    [1,1,0,0,0,0,0,0,0,0,0,0,0,0,0,1,1,1,0,0,0,0,0,1,1,1,1,1,1,1,1,1,1,0,1,1,1,0,1,1,1,1,1,0,0,0,1,0,1],
    [1,1,1,1,1,1,1,1,1,1,1,1,1,1,1,1,1,1,1,1,1,1,1,1,1,1,1,1,0,0,0,0,0,0,0,0,1,0,0,0,0,0,1,1,1,0,1,0,1],
    [1,0,0,0,0,0,0,0,0,0,0,0,0,0,0,0,1,0,0,0,0,0,0,0,0,1,1,1,0,1,1,0,1,1,1,0,1,0,1,1,1,0,0,0,0,0,0,0,1],
    [1,0,1,1,1,1,1,1,1,1,1,1,1,1,1,0,0,0,0,1,1,1,1,1,0,1,1,1,0,0,1,0,1,1,1,0,1,0,1,1,1,0,1,1,1,0,1,1,1],
    [1,0,1,0,0,0,0,1,1,1,1,1,1,1,1,0,1,0,1,1,1,1,1,1,0,0,1,0,0,0,1,0,1,0,0,0,1,0,0,0,0,0,0,0,0,0,0,0,1],
    [1,0,1,0,1,1,0,1,0,0,0,0,0,0,0,0,1,0,1,0,0,0,1,1,1,0,1,1,1,0,0,0,0,0,1,0,1,1,1,0,1,1,1,1,1,0,1,0,1],
    [1,0,1,0,0,0,0,0,0,0,1,1,1,1,1,1,1,0,1,0,1,0,1,0,0,0,0,0,1,1,1,0,1,1,1,0,1,0,0,0,0,0,0,0,0,0,1,0,1],
    [1,0,1,1,0,1,0,1,1,1,0,0,0,0,0,0,1,0,1,0,1,0,1,0,0,0,0,0,1,0,0,0,1,0,0,0,1,0,1,1,1,1,1,0,1,1,1,0,1],
    [1,0,1,1,0,1,1,1,0,1,0,1,1,1,1,0,1,0,1,0,1,0,1,1,1,1,1,1,1,0,1,1,1,0,1,1,1,0,0,0,1,1,0,0,0,1,1,0,1],
    [1,0,1,1,0,1,0,0,0,1,0,0,0,0,1,0,1,0,1,0,1,0,1,0,1,0,1,0,1,0,1,1,1,0,0,0,1,1,1,0,0,0,0,1,0,1,1,0,1],
    [1,0,1,1,0,1,0,1,0,1,1,1,1,0,1,0,1,0,1,0,1,0,1,0,1,0,1,0,0,0,1,1,1,1,1,0,1,1,1,0,1,1,1,1,0,0,0,0,1],
    [1,0,1,1,0,0,0,1,0,0,0,0,0,0,1,0,1,0,1,0,1,0,1,0,1,0,1,1,1,1,1,1,1,1,0,0,1,1,1,0,0,0,0,1,1,0,1,1,1],
    [1,0,1,1,1,1,1,1,1,1,1,1,1,1,1,0,1,0,1,0,1,0,1,0,1,0,0,0,0,0,0,0,0,0,0,1,1,0,0,0,1,1,0,1,1,0,0,0,1],
    [1,0,1,0,0,0,1,1,0,0,0,0,1,0,1,0,0,0,0,0,1,0,1,0,1,1,1,1,1,1,1,1,1,1,0,1,1,0,1,1,1,1,0,0,1,1,1,0,1],
    [1,0,1,0,0,0,1,0,0,0,1,0,0,0,1,0,0,0,0,0,1,0,1,0,1,1,0,0,0,0,0,0,0,0,0,0,1,0,1,1,1,1,1,0,1,1,1,0,1],
    [1,0,1,0,0,0,1,0,1,1,1,1,1,1,1,1,1,0,1,1,1,0,1,0,1,1,1,1,0,1,1,0,1,1,1,0,1,0,0,0,0,0,0,0,0,0,1,0,1],
    [1,0,1,1,0,1,0,0,1,0,0,0,0,0,0,0,0,0,1,0,0,0,1,0,1,1,0,1,1,1,1,0,0,0,0,0,1,0,1,1,0,1,1,1,1,0,1,0,1],
    [1,0,1,1,0,1,0,1,1,0,1,0,1,1,1,1,0,1,1,0,1,1,1,0,1,0,0,1,1,1,1,1,1,1,1,1,1,0,1,1,0,1,1,1,1,0,1,0,1],
    [1,0,1,1,0,1,0,0,0,0,0,0,0,0,1,0,0,0,1,0,0,1,0,0,1,0,1,1,0,0,0,0,0,0,0,1,1,0,0,0,0,0,0,0,1,0,1,0,1],
    [1,0,1,1,0,1,1,1,1,1,1,1,1,0,1,1,1,1,1,0,0,1,0,0,1,0,1,1,0,1,1,1,1,1,0,1,1,1,1,1,1,1,1,0,1,0,1,0,1],
    [1,0,1,1,0,1,0,0,0,0,1,0,0,0,0,1,0,1,1,0,1,1,1,1,1,0,1,1,0,1,1,1,1,1,0,1,1,1,1,0,0,0,1,0,1,0,1,0,1],
    [1,0,1,0,0,0,0,0,1,0,1,0,1,1,1,1,0,0,1,0,1,1,0,0,0,0,1,0,0,0,0,0,0,1,0,1,0,0,0,0,1,0,1,0,1,0,1,0,1],
    [1,0,1,1,1,1,1,1,1,0,1,0,1,1,1,1,0,1,1,0,1,1,0,1,0,1,1,0,0,1,1,1,1,1,0,1,0,1,1,1,1,0,1,0,1,0,1,0,1],
    [1,0,1,0,0,0,0,0,0,0,0,0,0,0,0,0,0,1,0,0,1,1,0,1,1,1,1,1,1,1,0,1,0,1,0,1,0,0,0,0,0,0,1,1,1,1,1,1,1],
    [1,0,1,0,1,1,1,1,1,0,1,1,1,0,1,1,1,1,0,1,1,0,0,1,1,1,1,1,0,1,0,1,0,1,0,1,1,0,1,0,1,1,1,0,0,0,0,0,1],
    [1,0,1,0,1,0,0,0,1,0,1,1,0,0,0,1,0,0,0,1,0,0,1,1,0,0,1,0,0,1,0,1,0,1,0,1,1,0,1,0,1,1,1,0,0,0,0,0,1],
    [1,0,1,0,0,0,1,0,0,0,1,1,0,0,0,1,0,1,1,1,0,1,1,1,0,0,1,1,1,1,0,1,0,1,0,1,1,0,1,0,1,1,1,1,1,0,1,1,1],
    [1,0,1,1,1,1,1,1,1,1,1,1,1,1,1,1,0,1,1,1,0,0,0,0,0,0,1,0,0,0,0,1,0,1,0,1,0,0,0,0,1,1,1,1,1,0,0,0,1],
    [1,0,0,0,0,0,0,0,0,0,0,0,0,0,0,0,0,1,1,1,1,1,1,1,0,0,1,1,1,1,1,1,0,1,0,1,0,1,1,0,1,0,0,0,1,1,1,0,1],
    [1,1,1,1,1,1,1,1,1,1,1,1,1,1,1,1,1,1,1,1,1,1,1,1,0,0,1,0,0,0,1,1,0,1,0,0,0,1,1,0,0,0,1,0,0,0,0,0,1],
    [1,1,1,1,1,1,1,1,1,1,1,1,1,1,1,1,1,1,1,1,1,1,1,1,1,1,1,1,1,0,0,0,0,1,1,1,1,1,1,1,1,0,0,0,1,1,1,1,1],
    [1,1,1,1,1,1,1,1,1,1,1,1,1,1,1,1,1,1,1,1,1,1,1,1,1,1,1,1,1,1,1,1,1,1,1,1,1,1,1,1,1,1,1,1,1,1,1,1,1]
  ],
  "NPCS":   [
    "images/NPCS/rocky.txt",
    "images/NPCS/unknown.txt",
    "images/NPCS/unknown-2.txt",
    "images/NPCS/chuck.txt",
    "images/NPCS/nix.txt"
  ],
  "Enemy":[
    {
      "position" : [17,22],
      "path_visual": "images/Enemy/enemy1.txt"
    },
    {
      "position" : [17,29],
      "path_visual": "images/Enemy/enemy1.txt"
    },
    {
      "position" : [15,21],
      "path_visual": "images/Enemy/enemy1.txt"
    },
    {
      "position" : [20,26.5],
      "path_visual": "images/Enemy/enemy1.txt"
    },
    {
      "position" : [21.5,20],
      "path_visual": "images/Enemy/enemy1.txt"
    },
    {
      "position" : [20.5,12.5],
      "path_visual": "images/Enemy/enemy1.txt"
    },
    {
      "position" : [6,25.5],
      "path_visual": "images/Enemy/enemy1.txt"
    },
    {
      "position" : [22,18],
      "path_visual": "images/Enemy/enemy1.txt"
    },
    {
      "position" : [24,30],
      "path_visual": "images/Enemy/enemy1.txt"
    },
    {
      "position" : [14,37],
      "path_visual": "images/Enemy/enemy1.txt"
    },
    {
      "position" : [40,37],
      "path_visual": "images/Enemy/enemy1.txt"
    }
  ],
  "Timer":[
    "images/Timer/two_points.txt",
    "images/Timer/0.txt",
    "images/Timer/1.txt",
    "images/Timer/2.txt",
    "images/Timer/3.txt",
    "images/Timer/4.txt",
    "images/Timer/5.txt",
    "images/Timer/6.txt",
    "images/Timer/7.txt",
    "images/Timer/8.txt",
    "images/Timer/9.txt"
  ],
  "MemoryGame" : {
    "Cards":[
        {
          "id" :[0,1],
          "path_visual": "images/Cards/langue.txt",
          "couple_id" : 0
        },
        {
          "id" :[2,3],
          "path_visual": "images/Cards/oeil.txt",
          "couple_id" : 1
        },
        {
          "id" :[4,5],
          "path_visual": "images/Cards/larme.txt",
          "couple_id" : 2
        },
        {
          "id" :[6,7],
          "path_visual": "images/Cards/os.txt",
          "couple_id" : 3
        },
        {
          "id" :[8,9],
          "path_visual": "images/Cards/griffe.txt",
          "couple_id" : 4
        },
        {
          "id" :[10,11],
          "path_visual": "images/Cards/coeur.txt",
          "couple_id" : 5
        },
        {
          "id" :[12,13],
          "path_visual": "images/Cards/crane.txt",
          "couple_id" : 6
        },
        {
          "id" :[14,15],
          "path_visual": "images/Cards/dent.txt",
          "couple_id" : 7
        },
        {
          "id" :[16,17],
          "path_visual": "images/Cards/piment.txt",
          "couple_id" : 8
        },
        {
          "id" :[18,19],
          "path_visual": "images/Cards/cerveau.txt",
          "couple_id" : 9
        },
        {
          "id" :[20,21],
          "path_visual": "images/Cards/araignee.txt",
          "couple_id" : 10
        },
        {
          "id" :[22,23],
          "path_visual": "images/Cards/citrouille.txt",
          "couple_id" : 11
        },
        {
          "id" :[24,25],
          "path_visual": "images/Cards/champignon.txt",
          "couple_id" : 12
        },
        {
          "id" :[26,27],
          "path_visual": "images/Cards/feuille.txt",
          "couple_id" : 13
        }
    ],
    "Doors":[[[23,23],[22,11]],[[25,23],[26,16]],[[27,23],[26,16]]]
  }
}